--
-- PostgreSQL database dump
--

SET statement_timeout = 0;
SET client_encoding = 'UTF8';
SET standard_conforming_strings = on;
SET check_function_bodies = false;
SET client_min_messages = warning;

--
-- Name: plpgsql; Type: EXTENSION; Schema: -; Owner: 
--

CREATE EXTENSION IF NOT EXISTS plpgsql WITH SCHEMA pg_catalog;


--
-- Name: EXTENSION plpgsql; Type: COMMENT; Schema: -; Owner: 
--

COMMENT ON EXTENSION plpgsql IS 'PL/pgSQL procedural language';


SET search_path = public, pg_catalog;

SET default_tablespace = '';

SET default_with_oids = false;

--
-- Name: answers; Type: TABLE; Schema: public; Owner: adminq5rfje9; Tablespace: 
--

CREATE TABLE answers (
    id integer NOT NULL,
    text text NOT NULL
);


ALTER TABLE public.answers OWNER TO adminq5rfje9;

--
-- Name: cards; Type: TABLE; Schema: public; Owner: adminq5rfje9; Tablespace: 
--

CREATE TABLE cards (
    id integer NOT NULL,
    question_id integer,
    attack integer,
    defense integer,
    life integer
);


ALTER TABLE public.cards OWNER TO adminq5rfje9;

--
-- Name: chars; Type: TABLE; Schema: public; Owner: adminq5rfje9; Tablespace: 
--

CREATE TABLE chars (
    id integer NOT NULL,
    deck_id integer,
    name character varying(50) NOT NULL
);


ALTER TABLE public.chars OWNER TO adminq5rfje9;

--
-- Name: decks; Type: TABLE; Schema: public; Owner: adminq5rfje9; Tablespace: 
--

CREATE TABLE decks (
    id integer NOT NULL
);


ALTER TABLE public.decks OWNER TO adminq5rfje9;

--
-- Name: decks_cards; Type: TABLE; Schema: public; Owner: adminq5rfje9; Tablespace: 
--

CREATE TABLE decks_cards (
    id integer NOT NULL,
    deck_id integer,
    card_id integer
);


ALTER TABLE public.decks_cards OWNER TO adminq5rfje9;

--
-- Name: questions; Type: TABLE; Schema: public; Owner: adminq5rfje9; Tablespace: 
--

CREATE TABLE questions (
    id integer NOT NULL,
    text text,
    subject_id integer,
    answer1_id integer,
    answer2_id integer,
    answer3_id integer,
    answer4_id integer,
    correct_answer_id integer
);


ALTER TABLE public.questions OWNER TO adminq5rfje9;

--
-- Name: subjects; Type: TABLE; Schema: public; Owner: adminq5rfje9; Tablespace: 
--

CREATE TABLE subjects (
    id integer NOT NULL,
    name character varying(255) DEFAULT NULL::character varying
);


ALTER TABLE public.subjects OWNER TO adminq5rfje9;

--
-- Name: users; Type: TABLE; Schema: public; Owner: adminq5rfje9; Tablespace: 
--

CREATE TABLE users (
    id integer NOT NULL,
    char_id integer,
    username character varying(255) DEFAULT NULL::character varying,
    password character varying(50) DEFAULT NULL::character varying,
    wins_count integer,
    lost_count integer
);


ALTER TABLE public.users OWNER TO adminq5rfje9;

--
-- Data for Name: answers; Type: TABLE DATA; Schema: public; Owner: adminq5rfje9
--

COPY answers (id, text) FROM stdin;
1	AR ATMOSFÉRICO
2	REFRIGERANTE
3	AÇO
4	ÁGUA PURA
5	LUZ
6	CARGA ELÉTRICA
7	PRÓTONS
8	NÊUTRONS
9	UMA PILHA
10	UMA TV
11	UM RÁDIO
12	UMA CALCULADORA
13	LORDOSE
14	GARIMPO
15	CRIOSCOPIA
16	OSMOSE
17	SUBLIMAÇÃO
18	DESTILAÇÃO
19	CONDENSAÇÃO
20	EVAPORAÇÃO
21	500 MMHG
22	600 mmHG
23	760 mmHG
24	1000 MMHG
25	DILUIÇÃO
26	DISSOLUÇÃO
27	DISTRAÇÃO
28	DISTORÇÃO
29	FERRO E ZINCO
30	ZINCO E COBRE
31	OURO E PRATA
32	ESTANHO E COBRE
33	AR ATMOSFÉRICO
34	REFRIGERANTE
35	AÇO
36	ÁGUA PURA
37	FERRO E ZINCO
38	ZINCO E COBRE
39	OURO E PRATA
40	ESTANHO E COBRE
41	ZÊNITE
42	EQUINÓCIO
43	AZIMUTE
44	PERIÉLIO
45	ANO-LUZ
46	QUILÔMETRO
47	DISTÂNCIA-LUZ
48	DIA-LUZ
49	LEI DE KEPLER
50	LEI DE COULOMB
51	LEI DE LENZ
52	LEI DE FARADAY-NEUMANN
53	LEI DE KEPLER
54	LEI DE COULOMB
55	LEI DE LENZ
56	LEI DE FARADAY-NEUMANN
57	FARAD
58	OHM
59	TESLA
60	VOLT
61	ISÓGONAS
62	FERROMAGNÉTICAS
63	DIAMAGNÉTICAS
64	ISÓCLINAS
65	PARAMAGNÉTICAS
66	DIAMAGNÉTICAS
67	ISÓGONAS
68	ISÓCLINAS
69	AGÔNICAS
70	ISÓGONAS
71	ISÓCLINAS
72	DIAMAGNÉTICAS
73	AR ATMOSFÉRICO
74	REFRIGERANTE
75	AÇO
76	ÁGUA PURA
77	SUBLIMAÇÃO
78	VAPORIZAÇÃO
79	CONDENSAÇÃO
80	FUSÃO
81	NÊUTRON
82	ELÉTRON
83	PRÓTON
84	ANGSTRÖM
85	NÊUTRON
86	ELÉTRON
87	PRÓTON
88	ANGSTRÖM
89	NÊUTRON
90	ELÉTRON
91	PRÓTON
92	ANGSTRÖM
93	CALCULISTAS
94	FUNDAMENTAIS
95	PONDERAIS
96	GERAIS
97	VENTILAÇÃO
98	FILTRAÇÃO
99	DESTILAÇÃO
100	EVAPORAÇÃO
101	QUAL A MOEDA OFICIAL DA ÁFRICA DO SUL?
102	RAND
103	TAKA
104	LEMPIRA
105	TOCANTINS
106	SOLIMÕES
107	PARANAPANEMA
108	PARAGUAI
109	MAMONA
110	ÂMBAR
111	PETRÓLEO
112	CARVÃO MINERAL
113	DE STEELE
114	DE MOHS
115	DE RICHTER
116	DE YELLOWSTONE
117	DE MOHS
118	DE MORGAN
119	DE WEGENER
120	DE RICHTER
121	BAFÔMETRO
122	ANEMÔMETRO
123	PLUVIÔMETRO
124	HIDRÔMETRO
125	NORTE
126	CENTRO-OESTE
127	NORDESTE
128	SUL
129	DO PAÍS BASCO
130	DAS MALVINAS
131	DO TIMOR LESTE
132	DA FRANÇA
133	HIDROVIÁRIO
134	RODOVIÁRIO
135	FERROVIÁRIO
136	AEROVIÁRIO
137	LATERIZAÇÃO
138	DESMORONAMENTO
139	LIXIVIAÇÃO
140	DESBARRANCAMENTO
141	BALANÇA DE MERCADO
142	BALANÇA COMERCIAL
143	BALANÇA FINANCEIRA
144	BALANÇA DE TROCAS
145	CORRENTE DO GOLFO
146	CORRENTE DO JAPÃO
147	CORRENTE DE BENGUELA
148	CORRENTE DA GROENLÂNDIA
149	CONVECTIVA
150	FRONTAL
151	OROGRÁFICA
152	INVERTIDA
153	EQUATORIAL
154	TROPICAL
155	SEMI-ÁRIDO
156	SUBTROPICAL
157	TRANSUMÂNCIA
158	ÊXODO RURAL
159	NOMADISMO
160	ÊXODO URBANO
161	ESTADOS UNIDOS
162	ALEMANHA
163	ALBÂNIA
164	INGLATERRA
165	ANÊMONAS
166	CARNAÚBAS
167	BABAÇUAIS
168	MANGUES
169	PAMPAS
170	MATA ATLÂNTICA
171	CERRADO
172	CAATINGA
173	CERRADO
174	TUNDRA
175	CAATINGA
176	FLORESTAS EQUATORIAIS
177	ESCRAVISMO
178	COMUNISMO
179	CAPITALISMO
180	FEUDALISMO
181	OZÔNIO
182	METANO
183	CLORÍDRICO
184	CARBÔNICO
185	MONTANHAS ALTAS
186	ÚLTIMAS MODERNAS
187	CURVAS MODERNAS
188	DOBRAMENTOS MODERNOS
189	PESO DOS GASES
190	PRESSÃO DA TERRA
191	PRESSÃO ATMOSFÉRICA
192	PRESSÃO DO OZÔNIO
193	PRADARIAS
194	TUNDRAS
195	CONÍFERAS
196	FLORESTAS
197	PRATA
198	URÂNIO
199	COBRE
200	MERCÚRIO
201	AMIENS
202	POLTIER
203	WATERLOO
204	LYON
205	DESCARTES
206	PLATÃO
207	MARQUÊS DE POMBAL
208	MOLIÈRE
209	1832
210	1830
211	1821
212	1819
213	SOLANO LOPEZ
214	AGUSTIN ITURBIDE
215	SIMÓN BOLÍVAR
216	ANGEL JIMENEZ
217	ALSÁCIA E PARIS
218	LYON E MARSELHA
219	LORENA E LYON
220	ALSÁCIA E LORENA
221	CARLOS MAZZINI
222	CAVOUR
223	REI VÍTOR JOSÉ II
224	GIUSEPPE GARIBALDI
225	BAKUNIN
226	HITLER
227	MUSSOLINI
228	KARL MARX
229	MANIFESTO COMUNISTA
230	O CAPITAL
231	A DIALÉTICA
232	O SOCIALISMO
233	1840
234	1850
235	1820
236	1830
237	ROBERT OWEN
238	KARL MARX
239	SAINT SIMÓN
240	CHARLES FOURIER
241	1830
242	1820
243	1810
244	1800
245	CECÍLIA
246	SANTA HELENA
247	ELBA
248	IBIZA
249	INGLATERRA
250	RÚSSIA
251	ESPANHA
252	ÁUSTRIA
253	18 DE TERMIDOR
254	9 DE TERMIDOR
255	18 DE BRUMÁRIO
256	9 DE BRUMÁRIO
257	PAZ SILENCIOSA
258	PERÍODO DO TERROR
259	PAZ EXTREMA
260	PAZ ARMADA
261	THOMAS EDISON
262	THOMAS JEFFERSON
263	JOHN LOCKE
264	BENJAMIN FRANKLIN
265	1777
266	1786
267	1771
268	1776
269	ESPANHA E FRANÇA
270	FRANÇA E INGLATERRA
271	ESPANHA  E INGLATERRA
272	FRANÇA E PRÚSSIA
273	DIA X
274	DIA FATAL
275	DIA D
276	DIA N
277	ENGELS
278	HEGEL
279	BAKUNIN
280	PROUDHON
281	1878
282	1875
283	1898
284	1892
285	SMALL
286	BIG MAN
287	DUCE
288	FÜHRER
289	FÜHRER
290	DUCE
291	PAI DOS POBRES
292	AMICI
293	HOOVER
294	ROOSEVELT
295	NIXON
296	CARTER
297	PLANO MARSHALL
298	PLANO DE METAS
299	NEW DEAL
300	NEW DOG
301	25
302	35
303	30
304	40
305	6
306	8
307	10
308	12
309	25
310	50
311	75
312	100
313	11
314	10
315	9
316	8
317	18
318	17
319	16
320	15
321	UMA VEZ
322	DUAS VEZES
323	TRÊS VEZES
324	NENHUMA VEZ
325	25 ANOS
326	26 ANOS
327	28 ANOS
328	30 ANOS
329	135 REAIS
330	140 REAIS
331	145 REAIS
332	150 REAIS
333	14
334	13
335	12
336	11
337	60 REAIS
338	30 REAIS
339	120 REAIS
340	100 REAIS
341	21
342	15
343	5
344	10
345	VINTE POR CENTO
346	VIGÉSIMO
347	UM VINTE AVOS
348	VINTE
349	TERCEIRO
350	TRÊS
351	TERÇO
352	UM TERÇO
353	QUINZE
354	VIGÉSIMO
355	TRIPLO
356	TERÇO
357	QUÁDRUPLO
358	MEIO
359	TERÇO
360	SEXTO
361	SÉTIMO
362	DOIS
363	QUÁDRUPLO
364	TERÇO
365	SEIS
366	TRIPLO
367	VIGÉSIMA
368	QUARTO
369	32.5
370	325
371	3.25
372	3025
373	37
374	36
375	35
376	34
377	14
378	7
379	28
380	1
381	50
382	52
383	54
384	56
385	2 HORAS
386	3 HORAS
387	4 HORAS
388	5 HORAS
389	64
390	16
391	24
392	32
393	104 cm
394	108 cm
395	110 cm
396	112 cm
397	40
398	50
399	60
400	70
401	LOBO
402	BANANA-MAÇÃ
403	VELHICE
404	TELEFONEMA
405	FOME E BRUXA
406	SONO E BONDADE
407	ONÇA E ÁRVORE
408	ESPERANÇA E TELEFONE
409	XINGAR
410	XORAR
411	CHINGAR
412	CHAMPU
413	POUCA
414	GENTE
415	MENINO
416	RIU
417	AS
418	ÁRVORES
419	DO
420	QUINTAL
421	ROBINSON
422	ROBINSON
423	O NAVIO DE ROBINSON
424	O
425	DUAS - NOITE
426	PÕE - CÃIBRA
427	PÕE - LEVOU
428	VOGAIS - MÃE
429	LOBO
430	BANANA-MAÇÃ
431	VELHICE
432	TELEFONEMA
433	FOME E BRUXA
434	SONO E BONDADE
435	ONÇA E ÁRVORE
436	ESPERANÇA E TELEFONE
437	CIDADÕES
438	CIDADÃES
439	CIDADÃOS
440	CIDADAENS
441	BOIS
442	CÃES
443	LOBOS
444	CARNEIROS
445	CISNES
446	CASAS
447	CÃES
448	CAMELOS
449	HINÁRIO
450	RAMALHETE
451	PENCA
452	RÉSTIA
453	VARA
454	PENCA
455	FEIXE
456	RAMALHETE
457	HÍFEN
458	HIFENS
459	ÂNCIA
460	CINQÜENTA
461	XAFARIZ
462	FAXINA
463	PUXAR
464	XINGAR
465	ESSÊNSIA
466	ECÊNSIA
467	ESSÊNCIA
468	ECÊNCIA
469	5
470	10
471	50
472	100
473	TU
474	VÓS
475	NÓS
476	EU
477	EU
478	ELES
479	NÓS
480	TU
481	EU
482	TU
483	NÓS
484	ELES
485	ANDEI
486	FAÇO
487	COMIA
488	JOGAREI
489	AR
490	ER
491	IR
492	OR
493	AR
494	IR
495	ER E OR
496	AR E ER
497	DAR
498	CANTAR
499	GANHAR
500	FALAR
\.


--
-- Data for Name: cards; Type: TABLE DATA; Schema: public; Owner: adminq5rfje9
--

COPY cards (id, question_id, attack, defense, life) FROM stdin;
1	1	2	2	1
2	2	4	1	1
3	3	1	2	3
4	4	1	2	1
5	5	4	3	2
6	6	2	1	3
7	7	1	2	4
8	8	3	3	3
9	9	4	4	2
10	10	2	3	1
11	11	3	2	2
12	12	1	1	3
13	13	4	2	4
14	14	2	3	3
15	15	1	3	2
16	16	3	2	1
17	17	4	1	2
18	18	2	3	3
19	19	3	2	4
20	20	1	1	3
21	21	4	3	2
22	22	2	2	1
23	23	1	1	2
24	24	3	3	3
25	25	4	4	4
26	26	2	3	3
27	27	3	2	2
28	28	1	1	1
29	29	4	3	2
30	30	2	2	3
31	31	1	4	4
32	32	3	3	3
33	33	4	2	2
34	34	2	1	1
35	35	3	3	2
36	36	1	2	3
37	37	4	3	4
38	38	2	1	3
39	39	1	4	2
40	40	3	3	1
41	41	4	2	2
42	42	2	1	3
43	43	3	3	4
44	44	1	2	3
45	45	4	4	2
46	46	2	3	1
47	47	1	2	2
48	48	3	1	3
49	49	4	3	4
50	50	2	2	3
51	51	3	3	2
52	52	1	1	1
53	53	4	3	2
54	54	2	2	3
55	55	1	4	4
56	56	3	2	3
57	57	4	3	2
58	58	2	2	1
59	59	3	4	2
60	60	1	3	3
61	61	4	2	3
62	62	2	3	4
63	63	1	4	3
64	64	3	3	2
65	65	4	2	1
66	66	2	3	2
67	67	3	3	3
68	68	1	2	4
69	69	4	3	3
70	70	2	4	2
71	71	1	3	1
72	72	3	2	2
73	73	4	1	3
74	74	2	1	4
75	75	3	2	2
76	76	1	3	3
77	77	4	1	2
78	78	2	1	1
79	79	1	2	2
80	80	3	3	3
81	81	4	2	4
82	82	2	1	2
83	83	3	2	3
84	84	1	3	3
85	85	4	4	1
86	86	2	3	2
87	87	1	2	3
88	88	3	1	4
89	89	4	2	3
90	90	2	3	2
91	91	3	4	1
92	92	1	3	2
93	93	4	2	3
94	94	2	1	4
95	95	1	2	3
96	96	3	3	2
97	97	4	4	1
98	98	2	3	2
99	99	3	2	3
100	100	1	1	4
101	101	4	3	3
102	102	2	2	2
103	103	1	1	1
104	104	3	3	2
105	105	4	2	3
106	106	2	4	4
107	107	3	3	3
108	108	1	1	2
109	109	4	2	1
110	110	2	3	3
111	111	1	4	2
112	112	3	3	1
113	113	4	2	2
114	114	2	1	2
115	115	3	2	3
116	116	1	3	2
117	117	4	4	1
118	118	2	3	2
119	119	1	2	3
120	120	3	1	4
121	121	4	3	2
122	122	2	2	2
123	123	3	1	3
124	124	1	3	1
125	125	4	2	3
\.


--
-- Data for Name: chars; Type: TABLE DATA; Schema: public; Owner: adminq5rfje9
--

COPY chars (id, deck_id, name) FROM stdin;
1	1	Mago
2	2	Knight
3	3	Rogue
4	4	Warrior
5	5	Elfo
\.


--
-- Data for Name: decks; Type: TABLE DATA; Schema: public; Owner: adminq5rfje9
--

COPY decks (id) FROM stdin;
1
2
3
4
5
\.


--
-- Data for Name: decks_cards; Type: TABLE DATA; Schema: public; Owner: adminq5rfje9
--

COPY decks_cards (id, deck_id, card_id) FROM stdin;
1	1	1
2	1	2
3	1	3
4	1	4
5	1	5
6	1	6
7	1	7
8	1	8
9	1	9
10	1	10
11	1	11
12	1	12
13	1	13
14	1	14
15	1	15
16	1	16
17	1	17
18	1	18
19	1	19
20	1	20
21	1	21
22	1	22
23	1	23
24	1	24
25	1	25
26	2	26
27	2	27
28	2	28
29	2	29
30	2	30
31	2	31
32	2	32
33	2	33
34	2	34
35	2	35
36	2	36
37	2	37
38	2	38
39	2	39
40	2	40
41	2	41
42	2	42
43	2	43
44	2	44
45	2	45
46	2	46
47	2	47
48	2	48
49	2	49
50	2	50
51	3	51
52	3	52
53	3	53
54	3	54
55	3	55
56	3	56
57	3	57
58	3	58
59	3	59
60	3	60
61	3	61
62	3	62
63	3	63
64	3	64
65	3	65
66	3	66
67	3	67
68	3	68
69	3	69
70	3	70
71	3	71
72	3	72
73	3	73
74	3	74
75	3	75
76	4	76
77	4	77
78	4	78
79	4	79
80	4	80
81	4	81
82	4	82
83	4	83
84	4	84
85	4	85
86	4	86
87	4	87
88	4	88
89	4	89
90	4	90
91	4	91
92	4	92
93	4	93
94	4	94
95	4	95
96	4	96
97	4	97
98	4	98
99	4	99
100	4	100
101	5	101
102	5	102
103	5	103
104	5	104
105	5	105
106	5	106
107	5	107
108	5	108
109	5	109
110	5	110
111	5	111
112	5	112
113	5	113
114	5	114
115	5	115
116	5	116
117	5	117
118	5	118
119	5	119
120	5	120
121	5	121
122	5	122
123	5	123
124	5	124
125	5	125
\.


--
-- Data for Name: questions; Type: TABLE DATA; Schema: public; Owner: adminq5rfje9
--

COPY questions (id, text, subject_id, answer1_id, answer2_id, answer3_id, answer4_id, correct_answer_id) FROM stdin;
1	É EXEMPLO DE UMA MISTURA HOMOGÊNEA SÓLIDA:	1	1	2	3	4	3
2	CORRENTE ELÉTRICA É O MOVIMENTO ORDENADO DE:	1	5	6	7	8	6
3	UM SISTEMA QUÍMICO CAPAZ DE PRODUZIR ENERGIA ELÉTRICA É:	1	9	10	11	12	9
4	PASSAGEM DE ÁGUA POR UMA MEMBRANA SEMIPERMEÁVEL:	1	13	14	15	16	16
5	A PASSAGEM DO ESTADO SÓLIDO DIRETAMENTE PARA O GASOSO É A:	1	17	18	19	20	17
6	A PRESSÃO ATMOSFÉRICA AO NÍVEL DO MAR É:	1	21	22	23	24	23
7	NO PREPARO DE UM REFRESCO A PARTIR DO SUCO CONCENTRADO, FAZEMOS UMA:	1	25	26	27	28	25
8	O BRONZE É UMA LIGA METÁLICA CONSTITUÍDA DE:	1	29	30	31	32	32
9	É EXEMPLO DE UMA MISTURA HOMOGÊNEA LÍQUIDA:	1	33	34	35	36	34
10	O LATÃO É UMA LIGA METÁLICA CONSTITUÍDA DE:	1	37	38	39	40	38
11	QUE NOME RECEBE O PONTO SOBRE A CABEÇA DE UM OBSERVADOR CELESTE?	1	41	42	43	44	41
12	DISTÂNCIA MÉDIA ENTRE A TERRA E O SOL, USADA COMO UNIDADE DE DISTÂNCIAS NA ASTRONOMIA:	1	45	46	47	48	46
13	LEI FÍSICA QUE PERMITE DETERMINAR A FORÇA ELETROMOTRIZ INDUZIDA:	1	49	50	51	52	52
14	LEI FÍSICA QUE PERMITE DETERMINAR O SENTIDO DA CORRENTE ELÉTRICA INDUZIDA:	1	53	54	55	56	55
15	QUAL A UNIDADE DE POTENCIAL ELÉTRICO NO SISTEMA INTERNACIONAL?	1	57	58	59	60	60
16	QUE SUBSTÂNCIAS, AO SEREM COLOCADAS NO NÚCLEO DE UM SOLENÓIDE, GERAM UM GRANDE AUMENTO NA INTENSIDADE DO CAMPO MAGNÉTICO?	1	61	62	63	64	62
17	QUE SUBSTÂNCIAS, AO SEREM COLOCADAS NO NÚCLEO DE UM SOLENÓIDE, QUASE NÃO INTERFEREM NO CAMPO MAGNÉTICO, GERANDO UM LEVE AUMENTO?	1	65	66	67	68	65
18	QUE SUBSTÂNCIAS, AO SEREM COLOCADAS NO NÚCLEO DE UM SOLENÓIDE, ENFRAQUECEM O CAMPO MAGNÉTICO ORIGINADO PELO SOLENÓIDE?	1	69	70	71	72	72
19	É EXEMPLO DE UMA MISTURA HOMOGÊNEA GASOSA:	1	73	74	75	76	73
20	QUAL O NOME DADO À PASSAGEM DO ESTADO SÓLIDO PARA O ESTADO GASOSO?	1	77	78	79	80	77
21	COMO É CHAMADA A PARTÍCULA SUBATÔMICA DOTADA DE CARGA POSITIVA?	1	81	82	83	84	83
22	COMO É CHAMADA A PARTÍCULA SUBATÔMICA SEM CARGA?	1	85	86	87	88	85
23	COMO É CHAMADA A PARTÍCULA SUBATÔMICA DOTADA DE CARGA NEGATIVA?	1	89	90	91	92	90
24	QUE LEIS RELACIONAM AS MASSAS DAS SUBSTÂNCIAS EM UMA REAÇÃO QUÍMICA?	1	93	94	95	96	95
25	QUAL O NOME DA TÉCNICA DE SEPARAÇÃO UTILIZADA NAS SALINAS?	1	97	98	99	100	100
26	QUAL A MOEDA OFICIAL DA ÁFRICA DO SUL?	2	101	102	103	104	101
27	A BACIA PLATINA É FORMADA POR TRÊS RIOS PRINCIPAIS: O URUGUAI, O PARANÁ E O:	2	105	106	107	108	108
28	SUBSTÂNCIA OLEOSA CONSTITUÍDA BASICAMENTE DA COMBINAÇÃO DE CARBONO E HIDROGÊNIO:	2	109	110	111	112	111
29	QUE ESCALA MEDE A INTENSIDADE DOS ABALOS SÍSMICOS?	2	113	114	115	116	115
30	A DUREZA DOS MINERAIS PODE SER MEDIDA PELA ESCALA:	2	117	118	119	120	117
31	QUE APARELHO MEDE A QUANTIDADE DE CHUVAS DE UM LUGAR?	2	121	122	123	124	123
32	EM QUE REGIÃO DO BRASIL HÁ OCORRÊNCIA DE FREQÜENTES GEADAS DURANTE O INVERNO?	2	125	126	127	128	128
33	LOCALIZADOS ENTRE A ESPANHA E A FRANÇA, OS SEPARATISTAS LUTAM PELA INDEPENDÊNCIA:	2	129	130	131	132	129
34	TIPO DE TRANSPORTE MAIS UTILIZADO NO DESLOCAMENTO DE CARGAS E PESSOAS NOS PAÍSES RICOS:	2	133	134	135	136	135
35	PROCESSO PELO QUAL A ÁGUA LAVA OS SAIS MINERAIS HIDROSSOLÚVEIS DO SOLO:	2	137	138	139	140	139
36	A RELAÇÃO ENTRE EXPORTAÇÕES E IMPORTAÇÕES DE UM PAÍS RECEBE O NOME DE:	2	141	142	143	144	142
37	CORRENTE MARÍTIMA QUENTE QUE IMPEDE O CONGELAMENTO DO MAR DO NORTE E SUAVIZA O INVERNO LOCAL:	2	145	146	147	148	145
38	QUE CHUVA RESULTA DO ENCONTRO DE DUAS MASSAS DE AR DIFERENTES (QUENTE E FRIA)?	2	149	150	151	152	150
39	O TIPO CLIMÁTICO DOS 8% DO TERRITÓRIO NACIONAL ABAIXO DO TRÓPICO DE CAPRICÓRNIO É:	2	153	154	155	156	156
40	DESLOCAMENTO CONSTANTE DE GRUPOS DE PESSOAS EM BUSCA DE ALIMENTOS E PASTAGENS:	2	157	158	159	160	159
41	PRIMEIRO PAÍS DO MUNDO A SE URBANIZAR, TENDO EM 1850 MAIS DE 50% DA POPULAÇÃO URBANA:	2	161	162	163	164	164
42	VEGETAÇÃO TÍPICA DE AMBIENTES LITORÂNEOS BAIXOS:	2	165	166	167	168	168
43	VEGETAÇÃO TÍPICA DA REGIÃO CENTRO-OESTE DO BRASIL:	2	169	170	171	172	171
44	VEGETAÇÃO ENCONTRADA EM LOCAIS FRIOS:	2	173	174	175	176	174
45	NOVO MODO DE PRODUÇÃO SURGIDO NA IDADE MÉDIA:	2	177	178	179	180	180
46	QUE GÁS DA ATMOSFERA FILTRA ATÉ 90% DOS RAIOS ULTRAVIOLETA?	2	181	182	183	184	181
47	NA ERA CENOZÓICA SOERGUERAM ALGUMAS CADEIAS DE MONTANHAS, QUE FICARAM CONHECIDAS COMO:	2	185	186	187	188	188
48	CORRESPONDE À FORÇA PROVOCADA PELO PESO DO AR:	2	189	190	191	192	191
49	QUE VEGETAÇÃO RASTEIRA SE ENCONTRA NAS REGIÕES POLARES?	2	193	194	195	196	194
50	QUE METAL É UTILIZADO NOS GARIMPOS PARA SEPARAR O OURO DO CASCALHO?	2	197	198	199	200	200
51	EM QUE BATALHA NAPOLEÃO FOI DEFINITIVAMENTE DERROTADO PELA INGLATERRA?	3	201	202	203	204	203
52	QUEM FOI O PRECURSOR DO ILUMINISMO?	3	205	206	207	208	205
53	ANO DA INDEPENDÊNCIA DO PERU:	3	209	210	211	212	211
54	UM DOS PRINCIPAIS LÍDERES DA INDEPENDÊNCIA DAS COLÔNIAS NA AMÉRICA:	3	213	214	215	216	215
55	TERRITÓRIOS ANEXADOS PELA PRÚSSIA NA GUERRA FRANCO-PRUSSIANA:	3	217	218	219	220	220
56	PRINCIPAL LÍDER DA UNIFICAÇÃO ITALIANA:	3	221	222	223	224	224
57	AUTOR DA FRASE - PROLETÁRIOS DE TODOS OS PAÍSES, UNI-VOS!:	3	225	226	227	228	228
58	PRINCIPAL LIVRO DE KARL MARX:	3	229	230	231	232	230
59	ANO DA INDEPENDÊNCIA DA COLÔMBIA:	3	233	234	235	236	236
60	PRINCIPAL IDEALIZADOR DO SOCIALISMO CIENTÍFICO:	3	237	238	239	240	238
61	ANO DA INDEPENDÊNCIA DA VENEZUELA:	3	241	242	243	244	241
62	EM QUE ILHA MORREU NAPOLEÃO BONAPARTE?	3	245	246	247	248	246
63	QUE PAÍS NÃO FEZ PARTE DA SEXTA COLIGAÇÃO CONTRA NAPOLEÃO BONAPARTE?	3	249	250	251	252	251
64	GOLPE DADO POR NAPOLEÃO BONAPARTE PARA FORMAR O CONSULADO:	3	253	254	255	256	255
65	COMO FICOU CONHECIDO O PERÍODO ENTRE 1870 E 1914?	3	257	258	259	260	260
66	QUEM ELABOROU A DECLARAÇÃO DE INDEPENDÊNCIA DOS EUA?	3	261	262	263	264	262
67	QUAL O ANO DA DECLARAÇÃO DE INDEPENDÊNCIA DOS EUA?	3	265	266	267	268	268
68	ENTRE QUE PAÍSES SE DESENVOLVEU A GUERRA DOS 7 ANOS?	3	269	270	271	272	270
69	COMO FICOU CONHECIDO O DESEMBARQUE DAS TROPAS ALIADAS NA NORMANDIA?	3	273	274	275	276	274
70	PRINCIPAL COLORABORADOR DE MARX EM SUAS OBRAS:	3	277	278	279	280	277
71	ANO DA INDEPENDÊNCIA DE PORTO RICO:	3	281	282	283	284	283
72	COMO HITLER ERA CONHECIDO?	3	285	286	287	288	288
73	COMO MUSSOLINI ERA CONHECIDO?	3	289	290	291	292	290
74	QUE PRESIDENTE NORTE-AMERICANO REVOGOU A LEI SECA?	3	293	294	295	296	294
75	POLÍTICA IMPLANTADA POR ROOSEVELT PARA TIRAR OS EUA DA CRISE ECONÔMICA:	3	297	298	299	300	299
76	MEU PAI É 5 ANOS MAIS VELHO QUE MINHA MÃE, QUE TEM O TRIPLO DA MINHA IDADE. SE EU TENHO 10 ANOS, QUAL É A IDADE DO MEU PAI?	4	301	302	303	304	302
77	UM CAMPEONATO FOI DISPUTADO POR 4 TIMES. SE TODOS JOGAM CONTRA TODOS DUAS VEZES, QUANTOS JOGOS FORAM NO TOTAL?	4	305	306	307	308	308
78	NO CAMPEONATO BRASILEIRO, VITÓRIA VALE 3 PONTOS, EMPATE VALE 1 PONTO E DERROTA NÃO MARCA PONTO. QUANTOS PONTOS MARCARÍAMOS SE VENCÊSSEMOS TODOS OS 25 JOGOS	4	309	310	311	312	311
79	EM UM CAMPEONATO, VITÓRIA VALE 3 PONTOS, EMPATE VALE 1 PONTO E DERROTA NÃO MARCA PONTO. QUANTOS PONTOS MARCARÍAMOS SE VENCÊSSEMOS 2 JOGOS E EMPATÁSSEMOS 5?	4	313	314	315	316	313
80	EM UM CAMPEONATO, VITÓRIA VALE 3 PONTOS, EMPATE VALE 1 PONTO E DERROTA NÃO MARCA PONTO. QUANTOS PONTOS MARCARÍAMOS SE VENCÊSSEMOS 5 JOGOS E EMPATÁSSEMOS 2?	4	317	318	319	320	318
81	MEU TIME JOGOU 3 VEZES. CADA VITÓRIA VALE 3 PONTOS, EMPATE VALE 1 PONTO E DERROTA NÃO MARCA PONTO. SE TEMOS 5 PONTOS, QUANTAS VEZES GANHAMOS?	4	321	322	323	324	321
82	SOMANDO MINHA IDADE COM A DE MEU IRMÃO, OBTENHO 22 ANOS. QUANTO DARÁ A SOMA DE NOSSAS IDADES DAQUI A 3 ANOS?	4	325	326	327	328	327
83	COMPREI UM PAR DE TÊNIS POR 125 REAIS E DOIS PARES DE MEIAS POR 10 REAIS CADA UM. SE GASTEI TUDO O QUE TINHA, QUANTO EU TINHA ANTES DAS COMPRAS?	4	329	330	331	332	331
84	EU SOU 3 ANOS MAIS VELHO QUE MEU IRMÃO. SE A SOMA DA MINHA IDADE COM A DELE É 25, QUAL É A IDADE DE MEU IRMÃO?	4	333	334	335	336	336
85	COM A MINHA MESADA CONSIGO COMPRAR 60 CANETAS. SE CADA CANETA CUSTA 50 CENTAVOS, QUAL É O VALOR DA MINHA MESADA?	4	337	338	339	340	338
86	FIQUEI DOIS DIAS SEM COMER EM UMA SEMANA. SE FAÇO 3 REFEIÇÕES POR DIA, QUANTAS EU FIZ DURANTE ESSA SEMANA?	4	341	342	343	344	342
87	COMO SE LÊ 20%	4	345	346	347	348	345
88	COMO SE LÊ 3º	4	349	350	351	352	349
89	É EXEMPLO DE NÚMERO FRACIONÁRIO:	4	353	354	355	356	356
90	É EXEMPLO DE NÚMERO MULTIPLICATIVO:	4	357	358	359	360	357
91	É EXEMPLO DE NÚMERO ORDINAL:	4	361	362	363	364	361
92	É EXEMPLO DE NÚMERO CARDINAL:	4	365	366	367	368	365
93	QUAL O NÚMERO FORMADO POR 3 CENTENAS, 2 DEZENAS E 5 UNIDADES?	4	369	370	371	372	370
94	MEU PAI E MINHA MÃE NASCERAM NO MESMO DIA E NO MESMO ANO. SE A SOMA DAS IDADES DELES É 74, QUAL É A IDADE DE CADA UM?	4	373	374	375	376	373
95	QUANTOS CAFÉS DA MANHÃ EU TOMO EM DUAS SEMANAS?	4	377	378	379	380	377
96	TINHA 64 FIGURINHAS. PERDI 26 PARA UM COLEGA, MAS GANHEI 18 DE OUTRO. COM QUANTAS FIGURINHAS FIQUEI?	4	381	382	383	384	384
97	PRECISO PINTAR 20 FIGURAS. SE EM UMA HORA CONSIGO PINTAR 5, QUANTO TEMPO LEVAREI PARA PINTAR TODAS AS FIGURAS?	4	385	386	387	388	387
98	UMA MULHER TEVE 8 FILHOS. SE CADA FILHO TAMBÉM TIVESSE 8 FILHOS, QUANTOS NETOS ESSA MULHER TERIA?	4	389	390	391	392	389
99	DO NASCIMENTO ATÉ 5 ANOS, UMA CRIANÇA CRESCEU EM MÉDIA 12 cm POR ANO. SE ELA NASCEU COM 48 cm, QUAL É SUA ALTURA AOS 5 ANOS?	4	393	394	395	396	394
100	UMA CRIANÇA NASCEU COM 50 cm. AOS SEIS ANOS ELA TINHA 120 cm. QUANTOS CENTÍMETROS ELA CRESCEU?	4	397	398	399	400	400
101	EM QUAL ALTERNATIVA O SUBSTANTIVO É COMUM, CONCRETO E SIMPLES?	5	401	402	403	404	401
102	QUAL ALTERNATIVA SÓ TEM SUBSTANTIVOS ABSTRATOS?	5	405	406	407	408	406
103	EM QUAL ALTERNATIVA A PALAVRA ESTÁ ESCRITA CORRETAMENTE:	5	409	410	411	412	409
104	QUAL O NÚCLEO DO SUJEITO EM - POUCA GENTE RIU DO MENINO?	5	413	414	415	416	414
105	QUAL É O NÚCLEO DO SUJEITO EM - AS ÁVORES DO QUINTAL SÃO LINDAS?	5	417	418	419	420	418
106	QUAL O SUJEITO EM - O NAVIO DE ROBINSON NAUFRAGOU?	5	421	422	423	424	423
107	EM QUAL ALTERNATIVA SÓ HÁ DITONGO NASAL?	5	425	426	427	428	426
108	EM QUAL ALTERNATIVA O SUBSTANTIVO É COMUM, CONCRETO E COMPOSTO?	5	429	430	431	432	430
109	QUAL ALTERNATIVA SÓ TEM SUBSTANTIVOS CONCRETOS?	5	433	434	435	436	435
110	O PLURAL DE CIDADÃO É:	5	437	438	439	440	439
111	MATILHA É COLETIVO DE:	5	441	442	443	444	442
112	CÁFILA É COLETIVO DE:	5	445	446	447	448	448
113	QUAL O COLETIVO DE FLORES?	5	449	450	451	452	450
114	QUAL O COLETIVO DE LENHAS?	5	453	454	455	456	455
115	QUAL O VOCÁBULO DE GRAFIA ERRADA?	5	457	458	459	460	459
116	NÃO SE ESCREVE COM X:	5	461	462	463	464	461
117	QUAL A FORMA CORRETA DE ESCREVER:	5	465	466	467	468	467
118	ENTRE OS ALGARISMOS ROMANOS, A LETRA V REPRESENTA QUE NÚMERO?	5	469	470	471	472	469
119	QUAL É A PRIMEIA PESSOA DO PLURAL?	5	473	474	475	476	475
120	QUAL É A TERCEIRA PESSOA DO PLURAL?	5	477	478	479	480	478
121	QUAL É A PRIMEIRA PESSOA DO SINGULAR?	5	481	482	483	484	481
122	QUAL VERBO SE ENCONTRA NO PRESENTE DO INDICATIVO?	5	485	486	487	488	486
123	OS VERBOS DA TERCEIRA CONJUGAÇÃO SÃO TERMINADOS EM:	5	489	490	491	492	491
124	OS VERBOS DA SEGUNDA CONJUGAÇÃO SÃO TERMINADOS EM:	5	493	494	495	496	495
125	QUAL DOS VERBOS A SEGUIR É IRREGULAR?	5	497	498	499	500	497
\.


--
-- Data for Name: subjects; Type: TABLE DATA; Schema: public; Owner: adminq5rfje9
--

COPY subjects (id, name) FROM stdin;
1	Ciências
2	Geografia
3	História
4	Matemática
5	Portugues
\.


--
-- Data for Name: users; Type: TABLE DATA; Schema: public; Owner: adminq5rfje9
--

COPY users (id, char_id, username, password, wins_count, lost_count) FROM stdin;
1	1	Paulo	1234	\N	\N
2	2	Guilherme	1234	\N	\N
3	3	Derick	1234	\N	\N
4	4	Sylvio	1234	\N	\N
5	5	Jorge	1234	\N	\N
6	1	tj	1234	\N	\N
\.


--
-- Name: answers_pkey; Type: CONSTRAINT; Schema: public; Owner: adminq5rfje9; Tablespace: 
--

ALTER TABLE ONLY answers
    ADD CONSTRAINT answers_pkey PRIMARY KEY (id);


--
-- Name: cards_pkey; Type: CONSTRAINT; Schema: public; Owner: adminq5rfje9; Tablespace: 
--

ALTER TABLE ONLY cards
    ADD CONSTRAINT cards_pkey PRIMARY KEY (id);


--
-- Name: chars_pkey; Type: CONSTRAINT; Schema: public; Owner: adminq5rfje9; Tablespace: 
--

ALTER TABLE ONLY chars
    ADD CONSTRAINT chars_pkey PRIMARY KEY (id);


--
-- Name: decks_cards_pkey; Type: CONSTRAINT; Schema: public; Owner: adminq5rfje9; Tablespace: 
--

ALTER TABLE ONLY decks_cards
    ADD CONSTRAINT decks_cards_pkey PRIMARY KEY (id);


--
-- Name: decks_pkey; Type: CONSTRAINT; Schema: public; Owner: adminq5rfje9; Tablespace: 
--

ALTER TABLE ONLY decks
    ADD CONSTRAINT decks_pkey PRIMARY KEY (id);


--
-- Name: questions_pkey; Type: CONSTRAINT; Schema: public; Owner: adminq5rfje9; Tablespace: 
--

ALTER TABLE ONLY questions
    ADD CONSTRAINT questions_pkey PRIMARY KEY (id);


--
-- Name: subjects_pkey; Type: CONSTRAINT; Schema: public; Owner: adminq5rfje9; Tablespace: 
--

ALTER TABLE ONLY subjects
    ADD CONSTRAINT subjects_pkey PRIMARY KEY (id);


--
-- Name: users_pkey; Type: CONSTRAINT; Schema: public; Owner: adminq5rfje9; Tablespace: 
--

ALTER TABLE ONLY users
    ADD CONSTRAINT users_pkey PRIMARY KEY (id);


--
-- Name: cards_question_id_fkey; Type: FK CONSTRAINT; Schema: public; Owner: adminq5rfje9
--

ALTER TABLE ONLY cards
    ADD CONSTRAINT cards_question_id_fkey FOREIGN KEY (question_id) REFERENCES questions(id);


--
-- Name: chars_deck_id_fkey; Type: FK CONSTRAINT; Schema: public; Owner: adminq5rfje9
--

ALTER TABLE ONLY chars
    ADD CONSTRAINT chars_deck_id_fkey FOREIGN KEY (deck_id) REFERENCES decks(id);


--
-- Name: decks_cards_card_id_fkey; Type: FK CONSTRAINT; Schema: public; Owner: adminq5rfje9
--

ALTER TABLE ONLY decks_cards
    ADD CONSTRAINT decks_cards_card_id_fkey FOREIGN KEY (card_id) REFERENCES cards(id);


--
-- Name: decks_cards_deck_id_fkey; Type: FK CONSTRAINT; Schema: public; Owner: adminq5rfje9
--

ALTER TABLE ONLY decks_cards
    ADD CONSTRAINT decks_cards_deck_id_fkey FOREIGN KEY (deck_id) REFERENCES decks(id);


--
-- Name: questions_answer1_id_fkey; Type: FK CONSTRAINT; Schema: public; Owner: adminq5rfje9
--

ALTER TABLE ONLY questions
    ADD CONSTRAINT questions_answer1_id_fkey FOREIGN KEY (answer1_id) REFERENCES answers(id);


--
-- Name: questions_answer2_id_fkey; Type: FK CONSTRAINT; Schema: public; Owner: adminq5rfje9
--

ALTER TABLE ONLY questions
    ADD CONSTRAINT questions_answer2_id_fkey FOREIGN KEY (answer2_id) REFERENCES answers(id);


--
-- Name: questions_answer3_id_fkey; Type: FK CONSTRAINT; Schema: public; Owner: adminq5rfje9
--

ALTER TABLE ONLY questions
    ADD CONSTRAINT questions_answer3_id_fkey FOREIGN KEY (answer3_id) REFERENCES answers(id);


--
-- Name: questions_answer4_id_fkey; Type: FK CONSTRAINT; Schema: public; Owner: adminq5rfje9
--

ALTER TABLE ONLY questions
    ADD CONSTRAINT questions_answer4_id_fkey FOREIGN KEY (answer4_id) REFERENCES answers(id);


--
-- Name: questions_correct_answer_id_fkey; Type: FK CONSTRAINT; Schema: public; Owner: adminq5rfje9
--

ALTER TABLE ONLY questions
    ADD CONSTRAINT questions_correct_answer_id_fkey FOREIGN KEY (correct_answer_id) REFERENCES answers(id);


--
-- Name: questions_subject_id_fkey; Type: FK CONSTRAINT; Schema: public; Owner: adminq5rfje9
--

ALTER TABLE ONLY questions
    ADD CONSTRAINT questions_subject_id_fkey FOREIGN KEY (subject_id) REFERENCES subjects(id);


--
-- Name: users_char_id_fkey; Type: FK CONSTRAINT; Schema: public; Owner: adminq5rfje9
--

ALTER TABLE ONLY users
    ADD CONSTRAINT users_char_id_fkey FOREIGN KEY (char_id) REFERENCES chars(id);


--
-- Name: public; Type: ACL; Schema: -; Owner: postgres
--

REVOKE ALL ON SCHEMA public FROM PUBLIC;
REVOKE ALL ON SCHEMA public FROM postgres;
GRANT ALL ON SCHEMA public TO postgres;
GRANT ALL ON SCHEMA public TO PUBLIC;


--
-- PostgreSQL database dump complete
--

